respondent_id,processed_date
114983022053,2026-07-23
114983213903,2026-07-23
114983255103,2026-07-23
114983351581,2026-07-23
114984531621,2026-07-23
114984819497,2026-07-23
114984827092,2026-07-23
114984836898,2026-07-23
114985777960,2026-07-23
114986702874,2026-07-23
114986747698,2026-07-23
114987663533,2026-07-23
114987666929,2026-07-23
114987786721,2026-07-23
114988129402,2026-07-23
114988636956,2026-07-23
114988646039,2026-07-23
114988732722,2026-07-23
114988740007,2026-07-23
114990675577,2026-07-23
114991053352,2026-07-23
114991345774,2026-07-23
114991856246,2026-07-23
114991887727,2026-07-23
114992160688,2026-07-23
114992586147,2026-07-23
114992632671,2026-07-23
114992724376,2026-07-23
114992782400,2026-07-23
114993371604,2026-07-23
114993512971,2026-07-23
114994001538,2026-07-23
114995033683,2026-07-23
114995667751,2026-07-23
114995680884,2026-07-23
114995898133,2026-07-23
114996605277,2026-07-23
114996725766,2026-07-23
114997616351,2026-07-23
114998017086,2026-07-23
114998421778,2026-07-23
114998460442,2026-07-23
115000153772,2026-07-23
115000225837,2026-07-23
115000491589,2026-07-23
115001056117,2026-07-23
115002040963,2026-07-23
115002150192,2026-07-23
115002327369,2026-07-23
115002855165,2026-07-23
115002903984,2026-07-23
115004279038,2026-07-23
115004390193,2026-07-23
115004503357,2026-07-23
115005967073,2026-07-23
115006633849,2026-07-23
115006739470,2026-07-23
115007102835,2026-07-23
115008372017,2026-07-23
115008927068,2026-07-23
115008971074,2026-07-23
115009756379,2026-07-23
115012032930,2026-07-23
115013194828,2026-07-23
115014962234,2026-07-23
115015009086,2026-07-23
115015094953,2026-07-23
115015320967,2026-07-23
115015837675,2026-07-23
115015979873,2026-07-23
115016507775,2026-07-23
115016970085,2026-07-23
115016989211,2026-07-23
115017202320,2026-07-23
115017722113,2026-07-23
115017792428,2026-07-23
115017812534,2026-07-23
115018012543,2026-07-23
115018279644,2026-07-23
115018342332,2026-07-23
115018811785,2026-07-23
115019234670,2026-07-23
115019261107,2026-07-23
115019264776,2026-07-23
115019721437,2026-07-23
115019734590,2026-07-23
115019922389,2026-07-23
115019987603,2026-07-23
115020137471,2026-07-23
115020483487,2026-07-23
115020714867,2026-07-23
115021238813,2026-07-23
115021418333,2026-07-23
115022026711,2026-07-23
115022057419,2026-07-23
115022060910,2026-07-23
115022736347,2026-07-23
115022837645,2026-07-23
115023120170,2026-07-23
115023521086,2026-07-23
115023537452,2026-07-23
115023563055,2026-07-23
115023744534,2026-07-23
115023856563,2026-07-23
115024174653,2026-07-23
115024234385,2026-07-23
115025013815,2026-07-23
115025097609,2026-07-23
115025278564,2026-07-23
115025796056,2026-07-23
115025945749,2026-07-23
115026040657,2026-07-23
115026289515,2026-07-23
115026697263,2026-07-23
115027562635,2026-07-23
115027976153,2026-07-23
115028304575,2026-07-23
115028413195,2026-07-23
115028511459,2026-07-23
115029004712,2026-07-23
115029079702,2026-07-23
115029097335,2026-07-23
115029319682,2026-07-23
115029356645,2026-07-23
115029773547,2026-07-23
115030454013,2026-07-23
115030477353,2026-07-23
115030499116,2026-07-23
115030536784,2026-07-23
115030557361,2026-07-23
115030622841,2026-07-23
115030639303,2026-07-23
115030743408,2026-07-23
115030861688,2026-07-23
115031209731,2026-07-23
115031266619,2026-07-23
115031417125,2026-07-23
115031578411,2026-07-23
115032400027,2026-07-23
115032825910,2026-07-23
115032844511,2026-07-23
115032849242,2026-07-23
115032988163,2026-07-23
115033502778,2026-07-23
115033539824,2026-07-23
115033735168,2026-07-23
115033770161,2026-07-23
115034427399,2026-07-23
115035028607,2026-07-23
115035065793,2026-07-23
115035099201,2026-07-23
115035100511,2026-07-23
115035130997,2026-07-23
115035258061,2026-07-23
115035363433,2026-07-23
115035367066,2026-07-23
115036509992,2026-07-23
115036558687,2026-07-23
115036831239,2026-07-23
115037297206,2026-07-23
115037532167,2026-07-23
115037679194,2026-07-23
115038009779,2026-07-23
115038147521,2026-07-23
115038147795,2026-07-23
115038164940,2026-07-23
115038192116,2026-07-23
115038219836,2026-07-23
115038244755,2026-07-23
115038245744,2026-07-23
115038255473,2026-07-23
115038843713,2026-07-23
115038887147,2026-07-23
115039003575,2026-07-23
115039006829,2026-07-23
115040316250,2026-07-23
115040508527,2026-07-23
115040529348,2026-07-23
115040535769,2026-07-23
115040560349,2026-07-23
115040580171,2026-07-23
115040992530,2026-07-23
115041301646,2026-07-23
115041684307,2026-07-23
115041804890,2026-07-23
115041957788,2026-07-23
115042006090,2026-07-23
115042299671,2026-07-23
115042303504,2026-07-23
115042336188,2026-07-23
115042391188,2026-07-23
115042401774,2026-07-23
115042406907,2026-07-23
115042482224,2026-07-23
115042598219,2026-07-23
115042660382,2026-07-23
115043047057,2026-07-23
115043105563,2026-07-23
115043566088,2026-07-23
115043788713,2026-07-23
115043797725,2026-07-23
115043868039,2026-07-23
115043944321,2026-07-23
115044121259,2026-07-23
115044129883,2026-07-23
115044169432,2026-07-23
115044546859,2026-07-23
115044601669,2026-07-23
115044608449,2026-07-23
115044609189,2026-07-23
115044634992,2026-07-23
115044672316,2026-07-23
115044702772,2026-07-23
115045270252,2026-07-23
115045335247,2026-07-23
115045799543,2026-07-23
115046130993,2026-07-23
115046147840,2026-07-23
115046181495,2026-07-23
115046280565,2026-07-23
115046388941,2026-07-23
115046444776,2026-07-23
115046487933,2026-07-23
115046529606,2026-07-23
115046571091,2026-07-23
115046626796,2026-07-23
115046959589,2026-07-23
115046997933,2026-07-23
115047027126,2026-07-23
115047063844,2026-07-23
115047226964,2026-07-23
115047303247,2026-07-23
115047427483,2026-07-23
115047674413,2026-07-23
115047715167,2026-07-23
115048551275,2026-07-23
115048566070,2026-07-23
115048702404,2026-07-23
115048720604,2026-07-23
115048814124,2026-07-23
115048977851,2026-07-23
115049369052,2026-07-23
115049508618,2026-07-23
115049632259,2026-07-23
115050608459,2026-07-23
115050710828,2026-07-23
115050857083,2026-07-23
115050949139,2026-07-23
115050949833,2026-07-23
115050970134,2026-07-23
115051788965,2026-07-23
115052074890,2026-07-23
115052537258,2026-07-23
115052601498,2026-07-23
115052880194,2026-07-23
115053360714,2026-07-23
115053365877,2026-07-23
115053442175,2026-07-23
115053738555,2026-07-23
115054085176,2026-07-23
115054205021,2026-07-23
115054361669,2026-07-23
115055059790,2026-07-23
115055400471,2026-07-23
115055415162,2026-07-23
115055415754,2026-07-23
115055462182,2026-07-23
115055563551,2026-07-23
115055629140,2026-07-23
115055670042,2026-07-23
115055691020,2026-07-23
115055740351,2026-07-23
115055799599,2026-07-23
115055933156,2026-07-23
115055958404,2026-07-23
115055969883,2026-07-23
115056150064,2026-07-23
115056175623,2026-07-23
115056200550,2026-07-23
115056228809,2026-07-23
115056246699,2026-07-23
115056423952,2026-07-23
115056576251,2026-07-23
115056581831,2026-07-23
115057056861,2026-07-23
115057057525,2026-07-23
115057057887,2026-07-23
115057060013,2026-07-23
115057113510,2026-07-23
115057448392,2026-07-23
115057811601,2026-07-23
115057851096,2026-07-23
115057954846,2026-07-23
115057967432,2026-07-23
115058038102,2026-07-23
115058796234,2026-07-23
115058979877,2026-07-23
115060467016,2026-07-23
115060539714,2026-07-23
115060748746,2026-07-23
115061161498,2026-07-23
115061187907,2026-07-23
115061249050,2026-07-23
115061264868,2026-07-23
115061282898,2026-07-23
115061971549,2026-07-23
115062139928,2026-07-23
115062156368,2026-07-23
115062329215,2026-07-23
115062448719,2026-07-23
115062809125,2026-07-23
115062962063,2026-07-23
115063011569,2026-07-23
115063090519,2026-07-23
115063529628,2026-07-23
115063741695,2026-07-23
115063779390,2026-07-23
115063784749,2026-07-23
115063812732,2026-07-23
115064019858,2026-07-23
115064647267,2026-07-23
115065003641,2026-07-23
115065187697,2026-07-23
115065602189,2026-07-23
115065653527,2026-07-23
115065826275,2026-07-23
115065846105,2026-07-23
115065982511,2026-07-23
115066012697,2026-07-23
115066453874,2026-07-23
115066489069,2026-07-23
115066526734,2026-07-23
115066536348,2026-07-23
115066826044,2026-07-23
115066953323,2026-07-23
115066954227,2026-07-23
115067397791,2026-07-23
115067494398,2026-07-23
115067549092,2026-07-23
115067578643,2026-07-23
115067620118,2026-07-23
115067666960,2026-07-23
115067719124,2026-07-23
115068175148,2026-07-23
115068239282,2026-07-23
115068291713,2026-07-23
115068365783,2026-07-23
115069765749,2026-07-23
115069780774,2026-07-23
115070528786,2026-07-23
115070591134,2026-07-23
115070617098,2026-07-23
115070651736,2026-07-23
115070725738,2026-07-23
115070739013,2026-07-23
115070957679,2026-07-23
115071280636,2026-07-23
115071356358,2026-07-23
115071421289,2026-07-23
115071474439,2026-07-23
115071524686,2026-07-23
115072185376,2026-07-23
115072261192,2026-07-23
115072302868,2026-07-23
115072303860,2026-07-23
115072778914,2026-07-23
115073582153,2026-07-23
115074504489,2026-07-23
115074611673,2026-07-23
115074800019,2026-07-23
115074801240,2026-07-23
115075294143,2026-07-23
115075363973,2026-07-23
115075367114,2026-07-23
115075680303,2026-07-23
115076120285,2026-07-23
115076168581,2026-07-23
115076209323,2026-07-23
115076230753,2026-07-23
115076631655,2026-07-23
115076974981,2026-07-23
115077619577,2026-07-23
115077792416,2026-07-23
115078149446,2026-07-23
115078216696,2026-07-23
115078849419,2026-07-23
115078866337,2026-07-23
115078882564,2026-07-23
115079089742,2026-07-23
115079330923,2026-07-23
115079656990,2026-07-23
115079703088,2026-07-23
115079793708,2026-07-23
115080547345,2026-07-23
115080583571,2026-07-23
115080603953,2026-07-23
115080911089,2026-07-23
115081325514,2026-07-23
115081327755,2026-07-23
115081446928,2026-07-23
115081782601,2026-07-23
115082726188,2026-07-23
115082729490,2026-07-23
115082786354,2026-07-23
115083021220,2026-07-23
115083064192,2026-07-23
115083532812,2026-07-23
115083551192,2026-07-23
115083621487,2026-07-23
115083754142,2026-07-23
115083818159,2026-07-23
115083845173,2026-07-23
115084331326,2026-07-23
115084388011,2026-07-23
115084558479,2026-07-23
115084701342,2026-07-23
115085113848,2026-07-23
115085187856,2026-07-23
115085919295,2026-07-23
115085949024,2026-07-23
115086084164,2026-07-23
115086159508,2026-07-23
115086210494,2026-07-23
115086307443,2026-07-23
115087521550,2026-07-23
115087549703,2026-07-23
115087557666,2026-07-23
115087586758,2026-07-23
115087656594,2026-07-23
115087766544,2026-07-23
115087792405,2026-07-23
115087808992,2026-07-23
115087957629,2026-07-23
115088043408,2026-07-23
115088205653,2026-07-23
115088247317,2026-07-23
115088249283,2026-07-23
115088622451,2026-07-23
115088817448,2026-07-23
115088994506,2026-07-23
115089026928,2026-07-23
115089201665,2026-07-23
115089859061,2026-07-23
115089876906,2026-07-23
115089930707,2026-07-23
115090560473,2026-07-23
115090584844,2026-07-23
115090716488,2026-07-23
115090804425,2026-07-23
115091428141,2026-07-23
115091485641,2026-07-23
115091492216,2026-07-23
115091498654,2026-07-23
115091564077,2026-07-23
115091570390,2026-07-23
115091588002,2026-07-23
115092061401,2026-07-23
115093350682,2026-07-23
115093617628,2026-07-23
115093645435,2026-07-23
115093684586,2026-07-23
115093693943,2026-07-23
115093736271,2026-07-23
115093981765,2026-07-23
115094015896,2026-07-23
115094430991,2026-07-23
115094447787,2026-07-23
115094557963,2026-07-23
115095187737,2026-07-23
115096114640,2026-07-23
115096173245,2026-07-23
115096497261,2026-07-23
115097766647,2026-07-23
115097793963,2026-07-23
115098017586,2026-07-23
115098048262,2026-07-23
115098592284,2026-07-23
115098635073,2026-07-23
115098803893,2026-07-23
115099455519,2026-07-23
115099507937,2026-07-23
115099520711,2026-07-23
115101060104,2026-07-23
115101082213,2026-07-23
115101089801,2026-07-23
115101256706,2026-07-23
115101483160,2026-07-23
115102305944,2026-07-23
115102539998,2026-07-23
115102619664,2026-07-23
115102669988,2026-07-23
115102751278,2026-07-23
115103340020,2026-07-23
115103364746,2026-07-23
115103636956,2026-07-23
115104014871,2026-07-23
115104146673,2026-07-23
115104155062,2026-07-23
115104284963,2026-07-23
115104803082,2026-07-23
115104841919,2026-07-23
115105091904,2026-07-23
115105124134,2026-07-23
115105214933,2026-07-23
115105599225,2026-07-23
115105661155,2026-07-23
115105716098,2026-07-23
115105804713,2026-07-23
115105856381,2026-07-23
115106423022,2026-07-23
115106596500,2026-07-23
115107469619,2026-07-23
115107469684,2026-07-23
115107493466,2026-07-23
115107502104,2026-07-23
115107516851,2026-07-23
115107541924,2026-07-23
115108339404,2026-07-23
115108461953,2026-07-23
115109096984,2026-07-23
115109158964,2026-07-23
115109553596,2026-07-23
115109768963,2026-07-23
115109804493,2026-07-23
115109813630,2026-07-23
115109899823,2026-07-23
115109909344,2026-07-23
115109927251,2026-07-23
115111003936,2026-07-23
115111129717,2026-07-23
115111190789,2026-07-23
115111236183,2026-07-23
115111266811,2026-07-23
115111414122,2026-07-23
115111773522,2026-07-23
115111779675,2026-07-23
115111786033,2026-07-23
115112186844,2026-07-23
115112470463,2026-07-23
115112481343,2026-07-23
115112878636,2026-07-23
115113308073,2026-07-23
115113315003,2026-07-23
115113361475,2026-07-23
115113466814,2026-07-23
115114226177,2026-07-23
115115154855,2026-07-23
115115599113,2026-07-23
115116206583,2026-07-23
115116225913,2026-07-23
115116283211,2026-07-23
115116375794,2026-07-23
115116693840,2026-07-23
115117207804,2026-07-23
115117268334,2026-07-23
115117352544,2026-07-23
115117433430,2026-07-23
115117471967,2026-07-23
115117473594,2026-07-23
115117679085,2026-07-23
115117716254,2026-07-23
115117748039,2026-07-23
115117768515,2026-07-23
115117787208,2026-07-23
115118014341,2026-07-23
115118518033,2026-07-23
115118649161,2026-07-23
115119125840,2026-07-23
115119274997,2026-07-23
115119790730,2026-07-23
115119829284,2026-07-23
115119880310,2026-07-23
115119893872,2026-07-23
115119915712,2026-07-23
115120161009,2026-07-23
115120293730,2026-07-23
115120540273,2026-07-23
115120598704,2026-07-23
115120606026,2026-07-23
115120735948,2026-07-23
115121226149,2026-07-23
115121319976,2026-07-23
115121336021,2026-07-23
115121387671,2026-07-23
115121686203,2026-07-23
115121720433,2026-07-23
115123843154,2026-07-23
115124133117,2026-07-23
115124184354,2026-07-23
115124206951,2026-07-23
115124219360,2026-07-23
115124331996,2026-07-23
115124407085,2026-07-23
115124533252,2026-07-23
115124760164,2026-07-23
115125027005,2026-07-23
115125040294,2026-07-23
115125711372,2026-07-23
115125726207,2026-07-23
115126225083,2026-07-23
115126264920,2026-07-23
115126413844,2026-07-23
115127114152,2026-07-23
115128214798,2026-07-23
115128316582,2026-07-23
115128361835,2026-07-23
115128424079,2026-07-23
115128673517,2026-07-23
115128678826,2026-07-23
115129155951,2026-07-23
115129168191,2026-07-23
115129175359,2026-07-23
115129219384,2026-07-23
115129263169,2026-07-23
115129286484,2026-07-23
115129869535,2026-07-23
115129887503,2026-07-23
115130403373,2026-07-23
115130415695,2026-07-23
115130615829,2026-07-23
115130620385,2026-07-23
115131066694,2026-07-23
115131095813,2026-07-23
115131205704,2026-07-23
115131712788,2026-07-23
115131966017,2026-07-23
115132393349,2026-07-23
115132496071,2026-07-23
115132514514,2026-07-23
115133132969,2026-07-23
115133526569,2026-07-23
115133676186,2026-07-23
115133749441,2026-07-23
115133824879,2026-07-23
115134197550,2026-07-23
115134280797,2026-07-23
115134483213,2026-07-23
115135079186,2026-07-23
115135637349,2026-07-23
115136698083,2026-07-23
115136700795,2026-07-23
115136752420,2026-07-23
115137037330,2026-07-23
115137037873,2026-07-23
115137052017,2026-07-23
115137434249,2026-07-23
115137450631,2026-07-23
115137688451,2026-07-23
115137844877,2026-07-23
115138159150,2026-07-23
115138363440,2026-07-23
115138378728,2026-07-23
115138464636,2026-07-23
115138467919,2026-07-23
115138734988,2026-07-23
115138832633,2026-07-23
115138885314,2026-07-23
115139062832,2026-07-23
115139235981,2026-07-23
115139565335,2026-07-23
115139724502,2026-07-23
115139727274,2026-07-23
115140305669,2026-07-23
115140884091,2026-07-23
115140907769,2026-07-23
115141465859,2026-07-23
115141478825,2026-07-23
115141490573,2026-07-23
115141492382,2026-07-23
115141496054,2026-07-23
115141528245,2026-07-23
115141577273,2026-07-23
115141592399,2026-07-23
115141612034,2026-07-23
115141615761,2026-07-23
115141735729,2026-07-23
115141778394,2026-07-23
115142145042,2026-07-23
115142162417,2026-07-23
115142422040,2026-07-23
115143062788,2026-07-24
115143400922,2026-07-24
